sample,barcode,lane,total_reads_per_lane
137,AGCAGG,1,6404696
139,GGCTGC,1,2349211
140,CAGCGC,1,5892333
141,TGGTCT,1,2037213
156,CTCGAA,1,5179056
159,ATGCCT,1,9159117
161,CCACTT,1,6891720
162,CTTGTT,1,6282792
168,GATTCT,1,3059208
169,AGGTTC,1,11072381
171,TATGAG,1,8290001
172,GGTCGG,1,5002990
181,GCGTGT,1,2730129
183,ATAGCA,1,9601553
184,AAGAGT,1,3429255
185,TTGGCC,1,2156823
291,GGTAAC,1,7256905
292,TCGCCA,1,5276160
293,CGGATT,1,5118828
294,TGCACA,1,7382060
295,CCTCGA,1,9865164
296,ATGGAG,1,12099476
298,TCGAGC,1,6634152
299,TTGCGG,1,9795350
301,CATAAA,1,7403289
302,CCTGAC,1,10211834
303,GACATA,1,7834141
304,TGCTTG,1,9009527
305,GTGATC,1,6179940
306,TTAGTG,1,7965794
307,CAGGCG,1,7454922
308,CTACAC,1,8178700
309,AGTGTG,1,8601123
311,ACTGGT,1,7073914
312,CCTTCG,1,7147390
313,CGAGAG,1,6960546
314,TGGCAC,1,5366881
315,ATTCGC,1,9029499
316,GTTCAT,1,9796267
317,CACGGT,1,5855264
318,GACTAG,1,6322897
319,AGTTAA,1,7954995
321,CTATCT,1,6233571
322,TAACCG,1,7624640
323,ATCTGT,1,10167458
324,TCCTGA,1,8527120
325,AAGGTA,1,7860511
326,TGTCTT,1,9095747
327,GTGTCA,1,5909209
328,GCAGCC,1,12914260
329,AGCCTA,1,8534119
331,ACGCTG,1,6864652
332,CCATGC,1,5594209
333,TACCAA,1,5388994
334,GCTATT,1,5839941
335,GTTGCG,1,5396716
336,TATACC,1,7847255
337,ACAATC,1,10801907
338,TAATGT,1,6474350
339,CTTAGG,1,7409330
341,ACCTCC,1,5721131
342,GGCGTT,1,8852593
343,TTAAGA,1,7922295
344,AATCCA,1,11069045
345,CAGTAT,1,5841702
346,GGACTC,1,5885469
347,GTAGGT,1,6730240
348,CGTGCA,1,7334816
349,CTGTTG,1,5924537
